{"cameraMode":{"drawMode":0,"name":"Shaded","section":"Shading Mode"},"sceneLighting":true,"audioPlay":false,"sceneViewState":{"m_AlwaysRefresh":false,"showFog":false,"showSkybox":true,"showFlares":false,"showImageEffects":false,"showParticleSystems":false,"showVisualEffectGraphs":true,"m_FxEnabled":true},"in2DMode":false,"pivot":{"x":1.0071767568588257,"y":0.5917957425117493,"z":-0.6092321872711182},"rotation":{"x":-0.41898417472839358,"y":0.0011347444960847498,"z":-0.00047237728722393513,"w":-0.9080350995063782},"size":8.218835830688477,"orthographic":false}